CustomerID,Age,Gender,Country,PurchaseAmount,SignupDate,Rating
1001,56,F,United States,-3.86,01-01-2023,5
1002,46,male,U.K.,218.56,04-01-2023,4
1003,32,,U.S.A,36.2,07-01-2023,3
1004,60,Male,U.S.A,185.95,10-01-2023,5
1005,25,female,U.K.,139.92,13-01-2023,
1006,38,Male,UK,167.11,16-01-2023,5
1007,56,,United States,121.68,19-01-2023,3
1008,36,M,Canada,,22-01-2023,3
1009,40,,UK,121.69,25-01-2023,2
1010,28,male,UK,116.63,28-01-2023,4
1011,28,male,USA,96.17,31-01-2023,1
1012,41,Female,India,241.55,03-02-2023,5
1013,,,UK,172.01,06-02-2023,2
1014,57,female,UK,162.57,09-02-2023,1
1015,41,Male,india,97.47,12-02-2023,2
1016,20,Male,USA,135.91,15-02-2023,3
1017,39,M,United Kingdom,90.77,18-02-2023,5
1018,19,F,india,120.53,21-02-2023,1
1019,41,,india,77.45,24-02-2023,
1020,61,female,U.K.,4907,27-02-2023,1
1021,47,Female,India,104.59,02-03-2023,1
1022,55,male,UK,,05-03-2023,1
1023,19,F,India,70.46,08-03-2023,
1024,38,Female,United States,103.73,11-03-2023,5
1025,50,M,U.K.,120.31,14-03-2023,3
1026,29,M,United Kingdom,147.03,17-03-2023,3
1027,39,Male,India,111.28,20-03-2023,3
1028,,F,U.S.A,53.96,23-03-2023,3
1029,42,female,United States,59.13,26-03-2023,2
1030,44,,USA,190.78,29-03-2023,4
1031,59,male,United Kingdom,142.63,01-04-2023,5
1032,45,F,United States,188.93,04-04-2023,1
1033,33,F,U.K.,196.82,07-04-2023,4
1034,32,M,india,159.06,10-04-2023,3
1035,64,Male,india,76.1,13-04-2023,4
1036,61,Male,U.K.,161.38,16-04-2023,
1037,20,Female,Canada,233.98,19-04-2023,1
1038,54,M,india,123.15,22-04-2023,1
1039,24,F,USA,170.44,25-04-2023,5
1040,38,female,USA,149.17,28-04-2023,5
1041,26,M,U.S.A,232.34,01-05-2023,3
1042,56,Female,UK,109.33,04-05-2023,1
1043,35,Female,Canada,219.21,07-05-2023,4
1044,21,M,United Kingdom,127.5,10-05-2023,2
1045,42,Female,india,108.35,13-05-2023,2
1046,31,M,USA,156.59,16-05-2023,5
1047,26,male,U.K.,170.55,19-05-2023,3
1048,43,,india,264.69,22-05-2023,2
1049,19,M,UK,169.17,25-05-2023,1
1050,37,Female,U.K.,161.6,28-05-2023,5
1051,45,Female,United States,245.77,31-05-2023,4
1052,64,Male,United States,186.06,03-06-2023,5
1053,24,Male,india,111.34,06-06-2023,4
1054,61,,UK,231.36,09-06-2023,5
1055,25,Male,Canada,105.62,12-06-2023,5
1056,64,M,india,111.05,15-06-2023,5
1057,52,Female,USA,99.09,18-06-2023,
1058,31,Male,India,93.83,21-06-2023,4
1059,34,Male,india,169.99,24-06-2023,5
1060,,male,india,134.53,27-06-2023,2
1061,57,F,U.K.,-58.69,30-06-2023,
1062,21,male,India,133.9,03-07-2023,3
1063,19,M,USA,118.93,06-07-2023,3
1064,23,Female,india,203.57,09-07-2023,4
1065,59,male,U.K.,116.2,12-07-2023,4
1066,21,Male,UK,302.36,15-07-2023,2
1067,46,Female,india,233.81,18-07-2023,3
1068,35,Female,India,126.61,21-07-2023,3
1069,43,Male,U.S.A,,24-07-2023,5
1070,61,male,India,181.51,27-07-2023,4
1071,51,Male,United States,,30-07-2023,3
1072,27,F,USA,198.16,02-08-2023,2
1073,53,Female,United Kingdom,153.24,05-08-2023,2
1074,31,female,india,164.42,08-08-2023,
1075,48,female,India,199.4,11-08-2023,4
1076,32,M,United Kingdom,273.15,14-08-2023,2
1077,25,Male,U.K.,165.07,17-08-2023,5
1078,31,Male,U.S.A,122.77,20-08-2023,2
1079,,M,USA,28.25,23-08-2023,1
1080,57,M,India,267.68,26-08-2023,1
1081,38,M,United Kingdom,134.21,29-08-2023,4
1082,33,Female,U.S.A,182.09,01-09-2023,3
1083,62,,United States,264.35,04-09-2023,4
1084,35,Male,USA,163.66,07-09-2023,4
1085,64,Female,USA,138.32,10-09-2023,4
1086,41,M,United States,235.18,13-09-2023,4
1087,43,Male,india,177.64,16-09-2023,
1088,42,Female,United States,185.17,19-09-2023,5
1089,62,F,USA,58.61,22-09-2023,2
1090,,Female,USA,222.35,25-09-2023,1
1091,,F,United Kingdom,3450.8,28-09-2023,4
1092,32,M,U.S.A,67.7,01-10-2023,2
1093,62,F,United States,179.11,04-10-2023,1
1094,18,Male,U.S.A,26.25,07-10-2023,3
1095,42,M,United States,290.52,10-10-2023,
1096,24,Male,U.K.,83.89,13-10-2023,1
1097,26,female,USA,246.71,16-10-2023,3
1098,41,male,United Kingdom,101.22,19-10-2023,1
1099,18,F,U.S.A,183.61,22-10-2023,5
1100,61,male,United States,1905.4,25-10-2023,5
1101,25,male,Canada,209.83,28-10-2023,2
1102,,F,U.K.,135.88,31-10-2023,4
1103,28,,India,178.07,03-11-2023,
1104,34,female,india,150.9,06-11-2023,1
1105,25,Male,U.S.A,68.06,09-11-2023,3
1106,52,,United Kingdom,180.25,12-11-2023,5
1107,52,Male,India,119.81,15-11-2023,1
1108,50,Female,Canada,212.72,18-11-2023,5
1109,22,Male,india,,21-11-2023,
1110,59,F,Canada,145.39,24-11-2023,2
1111,56,female,India,250.98,27-11-2023,4
1112,58,Female,india,292.9,30-11-2023,1
1113,45,M,Canada,197.16,03-12-2023,5
1114,24,Male,United Kingdom,2655.4,06-12-2023,2
1115,26,Male,United States,,09-12-2023,
1116,,Female,USA,,12-12-2023,3
1117,29,M,United States,112.49,15-12-2023,4
1118,,M,India,133.58,18-12-2023,1
1119,50,F,U.S.A,267.86,21-12-2023,2
1120,40,F,USA,138.17,24-12-2023,3
1121,41,F,U.K.,76.44,27-12-2023,2
1122,54,F,United Kingdom,152.5,30-12-2023,2
1123,52,F,U.K.,160.69,02-01-2024,3
1124,61,F,india,152.14,05-01-2024,2
1125,57,female,USA,197.98,08-01-2024,3
1126,39,M,U.K.,154.14,11-01-2024,1
1127,44,F,U.K.,196.12,14-01-2024,3
1128,52,M,Canada,,17-01-2024,3
1129,18,M,United States,256.84,20-01-2024,4
1130,52,male,Canada,,23-01-2024,3
1131,54,female,USA,174.01,26-01-2024,3
1132,64,F,USA,102.93,29-01-2024,1
1133,31,Male,India,178.31,01-02-2024,4
1134,,Female,Canada,189.06,04-02-2024,5
1135,18,Male,UK,79.81,07-02-2024,1
1136,22,female,United States,50.45,10-02-2024,1
1137,43,Female,USA,167.62,13-02-2024,5
1138,31,,India,,16-02-2024,3
1139,56,M,Canada,165.6,19-02-2024,2
1140,44,Female,United States,72.54,22-02-2024,4
1141,,M,Canada,56.37,25-02-2024,2
1142,32,Male,U.K.,162.4,28-02-2024,
1143,32,Male,India,129.01,02-03-2024,1
1144,43,Female,United States,23.36,05-03-2024,1
1145,59,Female,india,230.59,08-03-2024,4
1146,30,F,india,71.54,11-03-2024,1
1147,49,female,United States,304.4,14-03-2024,1
1148,56,F,Canada,112.56,17-03-2024,4
1149,49,female,India,174.09,20-03-2024,4
1150,21,F,india,248.82,23-03-2024,5
1151,47,M,India,238.77,26-03-2024,1
1152,,Female,india,269.17,29-03-2024,1
1153,40,Male,U.K.,58.62,01-04-2024,5
1154,56,female,Canada,81.85,04-04-2024,3
1155,62,female,U.K.,,07-04-2024,3
1156,32,Male,india,200.38,10-04-2024,3
1157,60,F,U.K.,149.33,13-04-2024,5
1158,46,female,india,51.72,16-04-2024,1
1159,53,M,United States,179.79,19-04-2024,5
1160,,Female,U.K.,138.34,22-04-2024,5
1161,49,Male,U.S.A,137.63,25-04-2024,3
1162,24,Female,Canada,13.32,28-04-2024,2
1163,39,female,USA,,01-05-2024,1
1164,45,female,UK,158.71,04-05-2024,3
1165,19,,U.K.,257.71,07-05-2024,
1166,59,M,United Kingdom,145.53,10-05-2024,2
1167,62,male,Canada,183.98,13-05-2024,4
1168,23,Male,U.S.A,199.91,16-05-2024,1
1169,45,male,U.S.A,45.23,19-05-2024,2
1170,45,F,india,307,22-05-2024,
1171,,male,india,124.15,25-05-2024,4
1172,61,M,UK,179.67,28-05-2024,1
1173,37,F,United States,188.43,31-05-2024,5
1174,,male,United Kingdom,101.11,03-06-2024,3
1175,28,F,USA,260.82,06-06-2024,2
1176,45,male,UK,,09-06-2024,2
1177,42,M,India,137.19,12-06-2024,3
1178,56,male,USA,158.31,15-06-2024,2
1179,50,male,U.K.,195.86,18-06-2024,4
1180,18,male,Canada,150.65,21-06-2024,1
1181,44,Male,India,202.92,24-06-2024,4
1182,30,Male,India,48.91,27-06-2024,2
1183,58,Male,UK,105.12,30-06-2024,5
1184,20,M,United States,21.67,03-07-2024,1
1185,56,F,UK,269.82,06-07-2024,1
1186,23,female,U.K.,5380.8,09-07-2024,3
1187,25,male,United States,,12-07-2024,3
1188,44,male,U.K.,89.24,15-07-2024,5
1189,26,M,United States,293.39,18-07-2024,1
1190,54,male,U.S.A,113.74,21-07-2024,5
1191,50,Male,India,137.21,24-07-2024,3
1192,59,female,United Kingdom,159.57,27-07-2024,3
1193,61,Female,Canada,177.09,30-07-2024,1
1194,41,,U.K.,188.63,02-08-2024,4
1195,32,,USA,191.04,05-08-2024,2
1196,49,Female,United States,,08-08-2024,3
1197,49,female,Canada,190.09,11-08-2024,3
1198,41,Female,USA,138.65,14-08-2024,4
1199,58,Male,Canada,184.76,17-08-2024,4
1200,29,F,United Kingdom,179.84,20-08-2024,5
1059,34,Male,india,169.99,24-06-2023,5
1041,26,M,U.S.A,232.34,01-05-2023,3
1035,64,Male,india,76.1,13-04-2023,4
1103,28,,India,178.07,03-11-2023,
1185,56,F,UK,269.82,06-07-2024,1
1199,58,Male,Canada,184.76,17-08-2024,4
